restaurant_name,city,latitude,longitude,kapsalon_items,avg_price
Kebap Store,scherpenheuvel-zichem,50.9799202,4.9708248,19,
Pitta & Grill ‘T Parkske,oudenaarde,50.8456491,3.6096502,10,
Antalya Grill,oostende,51.2245941,2.9087838,1,
Ramses II,wuustwezel,51.394011,4.5962642,4,
Fresh Pita,sint-niklaas,51.1620708,4.1413516,4,
Mr. Spareribs,hasselt,50.930466,5.343357,2,
Gül Food,anderlecht,50.8479888,4.3099943,2,
Ottoman Pizza & BBQ,gent,51.06103,3.6932049,3,
Foodtruck Pitta Mustafari,ledeberg,51.036934,3.7413306,2,
Snack Centraal,borgerhout,51.2145585,4.4351753,5,
Dunya Döner,antwerpen,51.2220515,4.463011,3,
Snack Bodrum,woluwe-saint-lambert,50.84294,4.4083082,4,
Pitta Melissa,ledeberg,51.0372872,3.7404987,12,
Snack Gab & Dav,schaerbeek,50.8653653,4.3885953,5,
Madame Gusto,bruxelles,50.8856404,4.3176225,1,
Reet Grillhouse,reet,51.1148621,4.3898315,5,
Masaya,herent,50.9158814,4.6556004,4,
Frituur 't Bekske,heusden-zolder,51.0407393,5.2817897,3,
Al Baraka,mechelen,51.037434,4.476926,6,
Snack El Medina,maasmechelen,50.9884185,5.6923432,8,
Kebap Mustafa,geetbets,50.8926649,5.1141853,3,
Venus,zonhoven,50.9995553,5.3320171,6,
O Saveurs,molenbeek,50.8582362,4.3400189,1,
Eethuis Taha,rumst,51.080901,4.430953,1,
Kebab@Home,aalst,50.9369842,4.0271876,3,
Snack Tielt,tielt,50.9984585,3.3270373,3,
Ada Grill & Burger,maastricht,50.8465692,5.6941176,10,
Pitta Maldegem,maldegem,51.2139925,3.4468523,3,
Snack Araff,schaerbeek,50.864184,4.3659068,4,
Milas,eksel,51.1615201,5.3969554,8,
Snack O'Laeken,bruxelles,50.8779263,4.3477112,2,
Snack Ot's,schaerbeek,50.8709745,4.375243,3,
Cannur Pizza Pasta Pitta BBQ,wetteren,51.0058452,3.8886878,10,
Snack O Tac,jette,50.8695437,4.3328935,2,
Damas Veneto,antwerpen,51.2207499,4.4266288,5,
Napoli,hemiksem,51.1326409,4.335473,12,
Pita Vogelmarkt,antwerpen,51.213503,4.4094513,5,
Pizza Pita Delta,gent,51.0576267,3.7071178,5,
Pizza Desperado,boutersem,50.841038,4.834623,3,
Mario's Pizza,brasschaat,51.2924252,4.4441251,1,
Grill House Centrum,genk,50.9642271,5.4949196,8,
't Gouden Frietje,st-niklaas,51.161182,4.1323647,4,
Burger Kofte,maasmechelen,50.9886723,5.6955838,4,
Keyf Lounge,bree,51.1401444,5.5835198,27,
4 Seizoenen,brasschaat,51.293016,4.4945229,6,
Pitta Point,riemst,50.8032244,5.5709341,5,
Grill Bar - The Shake,denderleeuw,50.88357,4.081533,3,
De Fontein,vrasene,51.2191013,4.1945366,2,
Snack Au Petit Creux,schaerbeek,50.8518175,4.3850787,5,
Eethuis Royale,antwerpen,51.21175,4.4283533,8,
Pizza Sole Mio,leuven,50.878939,4.700268,4,
Eethuis Kodak,neerpelt,51.2259261,5.4302185,14,
Pizza Lacasa,temse,51.127893,4.2160941,8,
Pyramide grillroom pizza pita pasta,wijnegem,51.227605,4.5182991,4,
Pitta Alpay,lochristi,51.1076122,3.9004134,12,
Heist Kebab,heist-op-den-berg,51.0756262,4.7252205,7,
Snack Istanbul,wavre,50.7170552,4.6070235,1,
SixtyOne,wachtebeke,51.1687661,3.8579406,8,
Pitta Moorselbaan,aalst,50.9421771,4.0466792,5,
Turkuaz Kebap,saint-josse-ten-noode,50.8493196,4.3741259,1,
't Stad Kebab,antwerpen,51.2124675,4.4076701,7,
Orient Overpelt,overpelt,51.2119421,5.4230823,10,
Chef Kebab,bruxelles,50.87349,4.315421,4,
Snack Boniface,bruxelles,50.8361915,4.3656511,7,
Maxx Pizza,herentals,51.1772165,4.8330195,1,
Bosphorus,alken,50.8753181,5.3082716,9,
De Chef,booischot,51.0524419,4.7776624,4,
Istanbul,leuven,50.8788052,4.7001891,8,
Baskent Balen,balen,51.1728415,5.1696578,10,
Allo Pizza,wervick-sud,50.7712832,3.0456823,3,
Pizza Pamukkale,temse,51.1272762,4.2120871,17,
Snack Ailnor,roeselare,50.9494353,3.1313294,9,
Jerusalem,genk,50.9664556,5.5000842,3,
Pitta Bodrum,dendermonde,51.0426523,4.104073,4,
Snack Corner,zele,51.0702663,4.036278,4,
Snack Felix,schaerbeek,50.8508108,4.3919207,1,
Brugge Kebab,brugge,51.2100923,3.2231422,9,
Grillhouse Kusadasi,zutendaal,50.9311393,5.5741936,7,
Tradita,sint-niklaas,51.1605694,4.1507192,2,
Pizza De Hoek,gent,51.071335,3.7306783,5,
Madina food,schaerbeek,50.856793,4.3752124,2,
Frituur Overpoort,gent,51.0405731,3.725505,2,
Layana Food,merksem,51.244299,4.4447138,5,
Snack Sympa,ixelles,50.8365798,4.3661102,3,
Pittazino,aalst,50.931698,4.0362616,4,
Snack Özmu,anderlecht,50.8397466,4.3070863,5,
Ruby Frituur,oostende,51.2179472,2.8950886,1,
Karine Dendermonde,dendermonde,51.0290797,4.0986522,6,
Snack Tarik,bruxelles,50.8701943,4.3721496,21,
Resto Snack Zen,vilvoorde,50.9276312,4.4331812,3,
Snack Oostende,oostende,51.2296711,2.9191153,1,
Eethuis Bidos,lanaken,50.8904648,5.653412,7,
Food King,dilbeek,50.8455292,4.2840575,5,
Samo Bakkerij & Snack,antwerpen,51.208929,4.4491621,2,
Pitta New York,hamme,51.0945939,4.143846,4,
King Pizza & More,sint niklaas,51.1595353,4.1439857,2,
Uniq Kebab,gent,51.02694,3.7218974,3,
Pakistan Royal Food,oostende,51.2337942,2.9164435,4,
Cesar Pizza Snack,gent,51.042915,3.7373457,5,
Pizza L'Esta,hoboken,51.1792768,4.3553309,7,
Le 1050 Snack,ixelles,50.8289445,4.3726359,7,
Snack Cherif,laeken,50.8774576,4.3489332,4,
Snack Kursatto,ronse,50.7475772,3.6015994,3,
Pita Vrede,aalst,50.9387904,4.0332502,8,
"Dinner&You Burgers, Grill & More",wachtebeke,51.170444,3.8599658,11,
Snack L'oppem,wezembeek,50.8594957,4.5141147,1,
Snack & Pizza de Oase,vilvorde,50.9310813,4.4249935,8,
Merdin 2,rotselaar,50.9407756,4.7316923,1,
Pitawan,mechelen,51.0243125,4.4775937,10,
Snack Taksim,schaerbeek,50.8669161,4.3761611,4,
You You,erpe-mere,50.9434713,3.9847027,3,
Alo Pizza,turnhout,51.3342494,4.9634086,15,
Frituur Cité,genk,50.9811288,5.4923153,4,
Friterie Dailly,schaerbeek,50.8529716,4.3882698,4,
Sali Kebap,tongeren,50.7802657,5.4635312,4,
Ali Baba,mechelen,51.0185386,4.4824376,11,
Snack Omar,antwerpen,51.2253019,4.4167098,1,
Snack Antalya,malines,51.0286715,4.4845363,12,
Pizza King,gent,51.0651573,3.7264744,3,
Grand Station,bornem,51.0967684,4.2329777,14,
Pyramide,hamont,51.24612,5.54582,5,
Snack Saint-Guidon 2012,anderlecht,50.8349281,4.3061951,25,
Pizza Roma,herent,50.9236701,4.692179,3,
Snack Merode,etterbeek,50.8386936,4.3977664,2,
Pizza Pisa,gent,51.0643909,3.7264021,6,
Breughelhof Cafe Bistro,antwerpen,51.1764672,4.3669013,8,
Karine Grembergen,grembergen,51.0448154,4.1055125,5,
Pita Pyramide,oudenaarde,50.8443904,3.6037331,5,
Kebab Company,leuven,50.8813682,4.7156895,2,
Twins,hoegaarden,50.7738295,4.886823,9,
Pizza&Co,halluin,50.7805606,3.1251744,1,
Herentals Kebab,herentals,51.1745451,4.838171,58,
Snack Arc en Ciel,evere,50.8714801,4.4008113,7,
Kebabstore,diepenbeek,50.929356,5.4626102,6,
Nur Kebab,bilzen,50.8861168,5.5289695,12,
Frituur-Grillroom Dalia,lanaken,50.8605512,5.6178644,10,
Snack Houwaert,bruxelles,50.8527175,4.373779,4,
Najmat Al shaam,borgerhout,51.214038,4.4411826,3,
Pizzalicious,berlare,51.017464,3.9579873,6,
Pizza Efe Olen,olen,51.1433937,4.8599987,8,
Snack Twenty Six,ixelles,50.8186283,4.3792999,9,
Pizzeria Lina,antwerpen,51.1861375,4.3874416,3,
Ali Baba,heist-op-den-berg,51.0763479,4.721808,4,
Pizza Palace Fastfood,wetteren,51.0017551,3.8777948,4,
Pizza & Kebab Zeebrugge,zeebrugge,51.3131951,3.1876991,2,
De Hoek Van Marrakech,grimbergen,50.9092739,4.3519413,10,
Antwerp Kebab,antwerpen,51.2219602,4.4134255,3,
Ali Baba,lier,51.1344772,4.5701273,3,
Ronse Grill,ronse,50.749761,3.5969296,5,
Loco Pizza 2,leuven,50.87404,4.7090521,5,
Sezer Snack-Pizza,gent,51.059011,3.7042263,3,
Cairo One,beveren,51.2146721,4.2533856,4,
Anatolia Hoogstraten,hoogstraten,51.3960999,4.75359,9,
Izmir Snacks,hamont-achel,51.2545203,5.4785896,4,
Snack Ledi,laeken,50.8800869,4.3472217,3,
Orient Lanaken,lanaken,50.8947108,5.6650737,9,
Pizzeria Grillroom Dudi,maaseik,51.0958982,5.7928862,4,
Pizza Pasta Nr1,kontich,51.1342628,4.4520796,5,
Pacha Kebab,anderlecht,50.8255249,4.2977704,12,
Zem Zem,blankenberge,51.3156801,3.1292305,3,
Hasseltse Kebab,hasselt,50.9301263,5.3318256,6,
Snack Best Grill,asse,50.9142631,4.1931411,4,
Snack Opwijk,opwijk,50.9691957,4.1890306,1,
Pizza Paleis Haasdonk,haasdonk,51.1798851,4.2334942,6,
La Rosa,broechem,51.1819222,4.6016273,4,
Pizza Diamond,merelbeke,51.0017346,3.751311,8,
Snack Grill Dansaert,bruxelles,50.8521231,4.3439342,15,
Place 2 Eat,roeselare,50.9483796,3.1296242,8,
Pizza Giorno,schoten,51.2526622,4.5033576,7,
Eethuis Star,hasselt,50.9477982,5.344999,5,
Snack Muide,gent,51.0730654,3.7310747,6,
Pizzeria Messina,zemst,50.9911804,4.4926872,4,
Magic Food,hamme,51.0950361,4.1359653,14,
Snack Denderleeuw,denderleeuw,50.8922625,4.0729595,3,
Pitta Bon Appetit,oostende,51.2318024,2.9144097,5,
Huzur Pizzeria Kebab,kinrooi,51.1447208,5.7423493,12,
Kalender Frietjes,sint-stevens-woluwe,50.8678838,4.4504362,5,
Eethuis Florya Lommel,lommel,51.2321067,5.3469081,7,
Eethuis Orient,heusden-zolder,51.0388933,5.2991728,3,
Sila Snack & Pide,berchem,51.1872698,4.4285447,8,
Snack les 2 Frères,schaerbeek,50.8572749,4.3730178,1,
Pain d'Or,hasselt,50.9304853,5.3434391,3,
Solav Kebab,antwerpen,51.2189946,4.4202459,1,
Eethuis Troja,herentals,51.1788669,4.831852,6,
Pizza Istanbul,hamme,51.0956102,4.1426429,6,
Snack Istanbul,schaerbeek,50.866702,4.3775992,4,
Pizza Efe Hulshout,hulshout,51.0759414,4.7886443,9,
Snack Dayi,asse,50.909688,4.193773,5,
Pita Muradim,antwerpen,51.2076892,4.3887578,6,
Snack Bodrum,zaventem,50.882133,4.4725341,5,
HKebab Pizza,lennik,50.8055699,4.1549889,3,
Best Grill,anderlecht,50.8355777,4.2999137,4,
Snack Nakhil,antwerpen,51.2179847,4.4288729,6,
Pitta Reco,sint michiels,51.1892163,3.2116095,12,
Snack Tosi,gent,51.0408567,3.7253756,3,
Pizzo,lebbeke,50.998208,4.1295875,5,
Pitta Melita,oosterzele,50.9460015,3.8041969,7,
Pitta Number 1 Bredene,bredene,51.2486088,2.9667543,5,
Pizza Maestro Belsele,belsele,51.14608,4.0850115,3,
Eetcafe Antep,kalmthout,51.3915605,4.4668839,7,
Pizzaria Vlam II,ravels,51.3706301,4.9941559,3,
Mr. Ribs,kapellen,51.3129515,4.4294497,3,
Grill & Service,leuven,50.8820908,4.713554,3,
Merdin 1,kessel-lo,50.8841354,4.7230861,5,
Fresca,oudenaarde,50.8448432,3.6028256,6,
Pizza Trenti,schoten,51.2536044,4.5023549,6,
Amon,hoboken,51.1829676,4.3842068,4,
Akym Food,schaerbeek,50.8769268,4.3792967,1,
Chicken Center,antwerpen,51.2194223,4.4189822,2,
Eethuis Zemzem,lanaken,50.8895158,5.6507451,6,
Toscana,boechout,51.1586094,4.4913434,9,
Resto Simke,jeuk,50.733166,5.2091265,9,
Pittaverne,essen,51.4644444,4.4725981,3,
Mc Buffet,waregem,50.8875816,3.4306791,3,
Snack Grill Pizza Asalam,vilvorde,50.9294474,4.4278192,3,
Snack Tour et Taxi,molenbeek-saint-jean,50.8635228,4.3443448,7,
Eetboutique Kaya,diepenbeek,50.9075832,5.4189421,4,
Sultan,mechelen,51.018772,4.483109,7,
De ster pizzeria & doner kebap,westerlo,51.0905238,4.9161535,4,
Istanbul,balen,51.1672968,5.1734859,10,
Orient,hasselt,50.9249881,5.3259603,5,
Snack Joker,schaerbeek,50.8634042,4.3774531,3,
Elite Kebab,lier,51.1287558,4.5771098,8,
Eethuis familia,beveren,51.219894,4.2795415,10,
Napolitano,brugge,51.223938,3.22676,3,
Viva la Snack,wevelgem,50.80947,3.1851952,2,
Snack Dag,bruxelles,50.8591069,4.3796936,1,
Boston Pizza,lede,50.9672032,3.9770103,8,
Grill Metin,tienen,50.8066648,4.9394094,12,
Frituur L'Orient Express,hal,50.7315003,4.2309004,11,
Pizzaworld,borgerhout,51.2082731,4.4492776,3,
Pita Pizza Pyramide,aalter,51.0847842,3.4483041,10,
Gulle Lepel,wolvertem,50.9496493,4.3115043,12,
Mashar Pide,genk,50.977367,5.489949,3,
Efes Mol,mol,51.1873243,5.1196074,6,
Posh Kebab,oostende,51.2334662,2.9214644,3,
Pizzeria Sipan,betekom,50.9884214,4.7820077,4,
Indian tadka & Istanbul kebab,diest,50.9896628,5.0502084,5,
Pitta Diana,eeklo,51.185037,3.5638525,5,
Eethuis Istanbul,turnhout,51.3141468,4.9438156,12,
Cheff Kebab,noorderwijk (herentals),51.1410312,4.8398966,7,
Kebab Bizet,anderlecht,50.8254856,4.2987251,1,
Maestro,melle,51.0033413,3.8004919,12,
Frituur Nou Nou,lier,51.1321495,4.5668378,2,
Snack Chez Zeki,saint-josse-ten-noode,50.8548619,4.3673975,1,
Pizza Boxx,antwerpen,51.204868,4.3961402,1,
Chef Tielen,tielen,51.2438076,4.8955912,9,
Lommelse Kebab,lommel,51.2261487,5.3141093,4,
Snack Aydin Genk,genk,50.9635393,5.500285,3,
Qivvi,nijlen,51.161534,4.6696033,11,
Boston Pizza & Burgers,kortenberg,50.8897114,4.5524114,2,
Mixor Kebab,antwerpen,51.2192348,4.4203085,4,
Number One Snack,kermt,50.9453622,5.2611201,5,
Snack Maya,antwerpen,51.2016103,4.4334429,8,
Frituur Pitta Twee Deuren,nazareth,50.9413006,3.6335992,3,
Pitta Sari 9040,sint-amandsberg,51.0528254,3.7474673,8,
Flamingo Pizza & Kebap,merksplas,51.3557804,4.8650923,10,
Pasta Pitta Derik,aalst,50.941807,4.044479,4,
Ealaa Kayfik,antwerpen,51.2181348,4.4199321,1,
Snack Délice Halal,bruxelles,50.8039908,4.3364598,13,
Snack Georges Henri,woluwe-saint-lambert,50.8437401,4.4126857,10,
Anka Kebab,kortenaken,50.9073594,5.0596721,4,
Frituur 't Patatje,oostende,51.216785,2.9356925,1,
Zelem Pizzeria,halen,50.9780074,5.1217436,4,
Food Like Home,vorst,50.8004216,4.3173681,14,
Pizza Zaga,sint-katelijne-waver,51.0702424,4.531321,8,
Aladin,hasselt,50.9330042,5.3268261,5,
Lilse Kebap,lille,51.2371943,4.8258901,7,
Sebo,tongeren,50.8084433,5.4662026,4,
't Hoekske,kasterlee,51.2421,4.9658074,6,
La Casa Pizzeria,antwerpen,51.1338131,4.4428021,4,
Pizzeria Grissini & Kebab House,rijmenam,51.0000089,4.5861227,4,
Amon,brasschaat,51.2950518,4.4892408,4,
Asmin,sint-amandsberg,51.060475,3.7477763,6,
Pitta Can,gent,51.062187,3.7498953,18,
Eethuis Yuksel,nijlen,51.1615063,4.6694733,8,
Durum Express,anderlecht,50.8475034,4.303581,2,
Wemmel Grill,wemmel,50.91032,4.3009225,37,
Pizza Grill Huis,wilsele,50.9306343,4.7245528,5,
Maison Grill,molenbeek-saint-jean,50.8578394,4.319434,3,
Eric's Burger & Streetfood,saint-josse-ten-noode,50.8577828,4.3642117,11,
Liman Grill House,genk,50.998704,5.512514,3,
Nazar Side,tienen,50.8096291,4.9320733,12,
Pita Planet,sint-niklaas,51.1639517,4.1394059,8,
Ali Pizzahuis,sint-job-in-'t-goor (brecht),51.3015694,4.5703876,11,
Food Box,oostende,51.2234184,2.9064047,1,
Damasco,leuven,50.8773949,4.703391,1,
Turkische Food,ieper,50.852814,2.893423,5,
Tabouleh,ledeberg,51.0387482,3.7467169,1,
Balen'se Kebap,balen,51.1710139,5.1663912,5,
Pizza Sam,blankenberge,51.3169613,3.133781,4,
Kaya Pitta,middelkerke,0.0,0.0,5,
Miss Pizza,beveren,51.2162709,4.2514887,4,
Eethuis Taksim,riemst,50.8042765,5.5746671,5,
Pizza Ti Amo,leuven,50.8745392,4.6914768,6,
Pitta Murat,roeselare,50.9438126,3.1247193,2,
Topkapi-Pitta Grillhouse,koksijde,51.132175,2.6723878,6,
Mamma Mia,kanne,50.8133081,5.6691349,2,
Pizza Napoli,bunsbeek,50.8418517,4.9459863,3,
Pita Ephesus,ans,50.6641724,5.5366125,4,
Snack Unal,mol,51.1866205,5.1177366,8,
Anatolia,dendermonde,51.0280462,4.0987641,5,
Pita Piramide,aalst,50.9379926,4.0319358,2,
Orontes,houthalen-helchteren,51.0318177,5.3730854,3,
Döner Kebab Anatolia,hoepertingen,50.8067955,5.2858685,5,
Sam Kebab,aarschot,50.987235,4.8388002,11,
Snack Altan,bruxelles,50.8672003,4.3589807,1,
Pitta Destelbergen,destelbergen,51.0587544,3.8182144,12,
Eethuis Botan,heist-op-den-berg,51.0526079,4.7287392,19,
Snack 4 You,anderlecht,50.8240914,4.2958255,1,
Eethuis Istanbul,ramsel,51.0320949,4.8327207,9,
M&N Royal,heist-op-den-berg,51.0761247,4.7219067,25,
Pizza Roma,ieper,50.8508582,2.8868742,6,
Les 4 Goûts,molenbeek-saint-jean,50.8596365,4.3409006,2,
Eethuis Bij Hakan,dilsen-stokkem,51.0347288,5.729146,4,
Pitta Dorp,haaltert,50.870853,4.0181446,2,
Burger at Home,kampenhout,50.9333642,4.5379418,1,
Urban pizza,gent,51.0531394,3.7461081,4,
Frituur De Mijn,beringen,51.0730633,5.2227106,6,
Kebaba,lommel,51.232254,5.331347,6,
Frituur brother's,diegem,50.8974472,4.4350421,5,
Mister Pizza,merelbeke,50.992883,3.7468562,7,
Pitta Gizem,aalst,50.9401098,4.0432019,5,
Big Bite,borsbeek,51.2028147,4.4838906,32,
Eethuis Musti,kumtich (tienen),50.8221402,4.8914991,6,
Golden Friet,gent,51.0566182,3.7099235,4,
Eethuis Orient,sint-truiden,50.8228108,5.1759431,5,
Pitta Kebab Sude,merelbeke,50.9998937,3.7501562,9,
Can Snack,aalst,50.9429437,4.0288648,10,
Best of Kebap & Pizza Dender,denderleeuw,50.8920932,4.0721603,3,
La Monte Carlo City,antwerpen,51.2184284,4.4304207,1,
Top Snack,nijlen,51.161282,4.669973,9,
Petit palais,schaerbeek,50.8567628,4.3729156,1,
Amber's Pizzalijn,bree,51.112926,5.638634,1,
Restaurant Medina,antwerpen,51.1867237,4.3865355,2,
Doner Kebab Bahri,houthalen-helchteren,51.0316401,5.3725979,3,
Chicken World Gent,gent,51.0416463,3.7297433,8,
Snack Marmara,schaerbeek,50.8536962,4.3882244,6,
Pitaverne Wilrijk,wilrijk,51.1717341,4.3877893,5,
Sofra,maasmechelen,50.9644592,5.69626,1,
Nisa Pita & Kebab,deurne,51.2080005,4.4643167,1,
Le Cerisier,woluwe-saint-lambert,50.84671,4.4136806,1,
Atlas Lunch en Grillroom,zelzate,51.199245,3.811369,13,
Koz Kebap,antwerpen,51.226234,4.425389,2,
HB Resto,drongen,51.0514672,3.662672,8,
Pizzeria La Familia,mortsel,51.17228,4.4470744,14,
Selale Pitta & Grill,gent,51.0638718,3.7095352,7,
Pizza Sultan Westmeerbeek,westmeerbeek,51.0607777,4.8365614,10,
Unal Snacks,keerbergen,51.0031161,4.6327539,4,
Best Grill Molenbeek,molenbeek-saint-jean,50.8574331,4.3105647,2,
Pizza Pita Pala,kruibeke,51.1701238,4.3120615,4,
Bodrum Palace,antwerpen,51.224524,4.4169147,12,
Kebap Oasis,zammel (geel),51.0973895,4.9451813,8,
Snack Medo,antwerpen,51.2076189,4.4280825,6,
Melita Original,kruishoutem,50.9050631,3.5288347,7,
Kebap Kursat,scherpenheuvel-zichem,50.9787777,4.9792033,3,
Pizza Pasta Locale,antwerpen,51.2233233,4.4369035,3,
Andromeda,gent,51.0402796,3.7254715,6,
Snackbar 109,antwerpen,51.2039491,4.394389,4,
Konak Pizzeria Doner Kebab,ittervoort,51.1763368,5.8374658,2,
Hawin Bakkerij Gent,gent,51.0567129,3.7352987,1,
Campus & Fratelli,antwerpen,51.2250618,4.4074559,14,
Mehtap,deurne,51.22145,4.4618373,6,
Eetcafé Ossendrecht,ossendrecht,51.3937523,4.3295408,5,
Side Kebap,arendonk,51.3187134,5.0863443,4,
Istanbul Resto Snack,nieuwpoort,51.1321422,2.7512009,6,
Poker Friet,betekom,50.9865354,4.7810916,8,
Atlasresto,schaerbeek,50.8595094,4.3623686,2,
Grillades Panios,bruxelles,50.8502978,4.3751426,1,
Snack Deniz,gent,51.0412191,3.7253941,2,
Pizza Pita King's,moorslede,50.8902312,3.0602099,8,
SaBa Snack,brugge,51.2062849,3.2180116,1,
Istanbul Eethuis,antwerpen,51.2190487,4.4193643,4,
Frituur 't Kroontje,deurne,51.2329817,4.4531407,7,
Pizza Midas,maldegem,51.2080947,3.4510793,3,
Huzur Pizzeria Kebab,leopoldsburg,51.1163805,5.2619274,14,
Pita Express,antwerpen,51.1829645,4.3833547,8,
New Maan Pizza & Wok & Burger,kessel-lo,50.8780503,4.7196363,1,
Pizza Bodrum,sint-katelijne-waver,51.069962,4.5316614,3,
Seven Kebap 7,hasselt,50.9323878,5.3422072,2,
Magic Kebap-Kessenich,kinrooi,51.1522604,5.8106697,6,
Pizza Efe Berlaar,berlaar,51.0828962,4.6687013,8,
Ali Baba - Chez Assaad,leeuw-saint-pierre,50.8078796,4.2887373,1,
Huzur Pizzeria Kebab,geel,51.1618789,4.9908608,10,
Snack Babylon Uccle,uccle,50.7997464,4.3366474,1,
Melita,beveren,51.2142722,4.2572492,6,
Pizzeria Pompeji,borgerhout,51.1975082,4.4527734,3,
Milo Kebap Pizza Pasta,mol,51.1895375,5.0757013,24,
LindelBaskent,overpelt,51.1953055,5.4032187,5,
Amari's,zwijndrecht,51.215942,4.3292193,3,
Istanbul,geel,51.1609827,4.9906752,6,
Efes Geetbets,geetbets,50.8901089,5.1147702,7,
Lunch Halte,merksem,51.2437152,4.4433173,8,
Pizza Yavuz,sint-amandsberg,51.0522166,3.7485857,7,
Pizzaria Mr. Sebino,brugge,51.2251981,3.2314266,7,
Pizza Pita Ege 2,sint-amands,51.0555994,4.2056305,4,
Snack Cousin,forest,50.8281543,4.3304799,3,
Dar Es Salaam,kuurne,50.8505236,3.287144,3,
Iran Chicken Grill,brugge,51.2038924,3.2084074,1,
Aras Kontich Snack,kontich,51.1326595,4.4462483,24,
Marmara,zelzate,51.2009456,3.8055828,1,
Pizza Pita Zottegem,zottegem,50.8684049,3.8137421,8,
Frituur Nationale,antwerpen,51.213764,4.3978624,7,
Snack Pitta 't Hoeksken,londerzeel,51.002115,4.3020346,3,
Pitta Canan,gent,51.0616385,3.700181,4,
Pitta Snack Waarschoot,waarschoot,51.1516652,3.6077882,3,
Pizza Florida,anzegem,50.839714,3.47281,10,
El Baraka,antwerpen,51.2222301,4.4356682,4,
Snack Alsemberg,forest,50.8156131,4.3400529,5,
Snack Clems,bruxelles,50.842117,4.33133,1,
Antalya Kebab,grobbendonk,51.1948087,4.7340181,7,
Öz Ahi Döner,antwerpen,51.1899559,4.3778795,7,
La Bella,neerpelt,51.22917,5.4319444,6,
Pitta Marmaris,geraardsbergen,50.7699036,3.8745797,27,
Pizzalijn Merksem,merksem,51.2387006,4.441577,7,
Frituur Heuvelpoort,gent,51.0370599,3.726667,1,
Pitaverne,wommelgem,51.2023183,4.4855979,4,
Centrum Kebap,zonhoven,50.9933773,5.3678495,4,
Rozalin Kebab Pizza,brecht,51.351267,4.6441514,5,
Izmir Kebab,oostende,51.232292,2.914207,1,
Pizza Florence,kontich,51.135815,4.4435816,5,
La Monte Carlo,antwerpen,51.2308451,4.4063067,2,
Liya Kebab & Pizzaria,stabroek,51.3320877,4.3652936,6,
Snack Zomergem,zomergem,51.1184148,3.5611182,5,
Pita & Pizza Ela,sint-eloois-winkel,50.8728694,3.1824152,4,
Pizza Grens,baarle-hertog,51.4447886,4.9250641,8,
Pizzalijn Berchem,berchem,51.1973852,4.430622,1,
Istanbul pizza & pita,ekeren,51.2798399,4.4187852,4,
Pizza Point,westerlo,51.1235066,4.8682401,9,
Eethuis Tuba,aartselaar,51.1310196,4.3893394,5,
Melita,moorslede,50.890503,3.0607631,6,
Yamy Food,leuven,50.8804476,4.6960742,2,
Snack Boss,alost,50.9420067,4.0351025,6,
Papi's pizza,opwijk,50.9712916,4.1865574,4,
Snack Dekan,jette,50.8800921,4.3296928,6,
Bosphorus,lokeren,51.1038132,3.9928181,4,
Frituur Koningslo,vilvoorde,50.912605,4.372477,5,
Snack Felix 2,schaerbeek,50.8478045,4.3982331,1,
Anatolia 23,hamont-achel,51.2514972,5.5466132,5,
MARHABA,kalken,51.0435964,3.9117998,5,
Italian Delights,meulebeke,50.9493699,3.2893233,3,
Pitta Palace,mechelen,51.0286668,4.4803971,17,
Venus 7,beverlo,51.0874035,5.2196722,5,
Pizza Aurelia,gent,51.071333,3.7306784,10,
Napoli Schoten,schoten,51.2548016,4.5036859,32,
Salt n' Pepper Snack Burgerhouse,antwerpen,51.2198804,4.4385031,7,
Njam Njam Pizza,aalter,51.0867384,3.4484218,2,
Alex Grill House,asse,50.9115883,4.1956724,8,
"Efes Grillhouse, Kebab & Pizzeria",diest,50.9798127,5.0549133,9,
Snack Aydin Beringen,beringen-mijn,51.0748681,5.2200034,15,
Burger House,willebroek,51.061226,4.361404,3,
Bella Vita,ekeren,51.2788573,4.4188902,4,
Baskent Meerhout,meerhout,51.1210878,5.0539219,12,
Toronto Pizza & Burger,geraardsbergen,50.7709132,3.8756524,4,
Pizza Bella Pitta,middelkerke,51.189492,2.8307733,6,
Pizzaria Gunther,berlaar,51.117996,4.656598,7,
Pitta Corner,oostende,51.2337831,2.9164431,1,
Pizzeria Lyaz,diksmuide,51.0369563,2.8714629,1,
Restaurant Marmaris,wilrijk,51.1700383,4.3873492,12,
Snack Simonis,koekelberg,50.8635911,4.3301211,2,
Call Pizza,sint-katelijne-waver,51.0416276,4.5157261,15,
Snack La Couronne,ixelles,50.8297666,4.3786763,1,
Pitta Kervan,ruislede,51.0410855,3.3964371,4,
Plaza Snacks,heusden-zolder,51.0229785,5.3137589,14,
Napoli Pizza Grill,herent,50.9083137,4.6756146,4,
King Kebap,haacht,50.9770486,4.6345681,1,
Pizza Pita House,herentals,51.175496,4.8243417,20,
King Pizza Vilvoorde,vilvoorde,50.929214,4.4269543,3,
Suslu by Tuna,schaerbeek,50.8731519,4.3869141,5,
Sfinx,turnhout,51.3221189,4.9524556,4,
Snack de Linde,anderlecht,50.8360019,4.3001559,3,
Pita Babylon,roeselare,50.9393891,3.1221289,2,
What the Kebab,antwerpen,51.219982,4.4150385,6,
Best Fresh,overijse,50.7713494,4.5350813,2,
Eatpoint,heusden-zolder,51.0297439,5.2592668,4,
Palmira Restaurant,antwerpen,51.2182671,4.4183326,2,
Maara Uno,neerlinter,50.8396305,5.0213554,3,
Pitta House 2,ganshoren,50.868915,4.3112619,4,
Pitta Mersan,lokeren,51.1038131,3.9879605,16,
De Nijl 1,leuven,50.8756293,4.7001928,6,
Bursa Kebab,gent,51.060844,3.701226,4,
Pitta Melita,zulte,50.9226945,3.4458184,7,
Gold Pizza,merksem,51.2464296,4.4477511,7,
Friterie Houba,laeken,50.8860058,4.3425412,1,
Pitta Izmir 2 Ertvelde,ertvelde,51.1802528,3.7467185,3,
Buenos Burgers,deurne,51.2075496,4.4649243,2,
Kokorecci Antwerpen,antwerpen,51.2021287,4.3928709,2,
The Pizza Masters,ledeberg,51.0367741,3.7416992,3,
Kebap Xpress,turnhout,51.3219452,4.9401798,6,
Het Paleis Eethuis,oud-turnhout,51.3200678,4.9751429,18,
Nasip,munster bilzen,50.8888527,5.527032,4,
Snack Dodo,destelbergen,51.0304194,3.8018376,5,
Only Kebab,antwerpen,51.22128,4.4026248,4,
Ustun Kebab,houthalen-helchteren,51.0241203,5.3752994,3,
Snack Mogusto,bruxelles,50.8391966,4.3341794,4,
Pitta Mr. Food,oostkamp,51.1542688,3.2375995,28,
Pitta Cem,blankenberge,51.3142247,3.1268987,10,
Venezia,essen,51.46431,4.45796,8,
M84U,dormaal,50.8068626,5.0969517,4,
Chef Eethuis,zonhoven,50.9912688,5.3688786,4,
The Black Horse,heist-op-den-berg,51.0758523,4.7251002,3,
Isis,essen,51.4281673,4.4618152,2,
Lilse Kebab 2,gierle,51.2684622,4.8671555,7,
Snack de la Famille,anderlecht,50.8361415,4.3154125,1,
Cappadocië,genk,50.9658811,5.5022231,3,
Frituur Plantin,borgerhout,51.2102952,4.4277605,3,
Pizza Taliano,zwevegem,50.8154097,3.3179776,3,
Couleur Safran,uccle,50.7871651,4.3295849,2,
Kebab House,de panne,51.1021044,2.5882683,9,
Snack Dylan,evere,50.8600219,4.4176894,3,
Snack Aalst,aalst,50.9399256,4.0258409,8,
Pizzeria Saray,herent,50.938774,4.619825,4,
Pita Huis Blauwwater,antwerpen,51.2075136,4.4135132,3,
Ali Baba Restaurant,antwerpen,51.219015,4.4199488,7,
Sardinië,lier,51.1344736,4.5655313,8,
NewWay Leuven,leuven,50.8760583,4.7089882,3,
Pizzeria Valentino,lint,51.1246762,4.495271,6,
Pizza Palace,kruibeke,51.145525,4.2987186,4,
Pitta & Pizza Antalya,beveren,51.2114476,4.251832,23,
Saray,tienen,50.8006942,4.9563972,5,
Snack Pamukkale,gent,51.0625456,3.6986091,8,
Ediz Pizza-Pita,wetteren,50.9911311,3.8307237,7,
Ottoman Eethuis,bilzen,50.8730912,5.5212681,7,
Kent,mol,51.183926,5.1148286,5,
Dr. Grill,dessel,51.252831,5.106028,8,
Hapjes Time,turnhout,51.3214973,4.9371254,19,
Snack Resto Istanbul,machelen,50.9118822,4.4350511,7,
Resto Snack Alanya,oostduinkerke,51.116352,2.681679,6,
Oklava,hechtel-eksel,51.153099,5.392288,6,
Snack la Cambre,bruxelles,50.8012434,4.3735706,6,
Eethuis Nazar,laakdal,51.093322,5.0611908,7,
Kebab Time,lommel,51.226,5.3141255,15,
Resto Snack Istanbul,izegem,50.920698,3.2155599,12,
Almina,hoboken,51.1785685,4.3587163,6,
Pizza Corner,de klinge,51.2561525,4.0899404,3,
Venus 8,beringen,51.055254,5.2738908,5,
Eethuis Mehmet,hoeselt,50.8487033,5.4899992,6,
El Nacho's,aalst,50.9412639,4.0392034,2,
TAT,hasselt,50.9263663,5.3399257,6,
Amon,leopoldsburg,51.1162628,5.2592204,4,
Ela Kebap,meerhout,51.1318678,5.0810792,8,
Wow Pizza,malle,51.303104,4.7355146,5,
Soyy Eethuis & Gelateria,beringen,51.05137,5.239609,4,
Noumidia Resto,turnhout,51.323803,4.947664,10,
Sultan Testelt,testelt,51.0184101,4.9488446,5,
Stela,eindhout,51.1046623,5.0021347,10,
De Pyramiden,ertvelde,51.1785108,3.7467088,1,
Snack Istanbul Wayez,bruxelles,50.835412,4.3110307,10,
Cicek kebab,anderlecht,50.8332944,4.3285403,11,
Qubbe Lounge,genk,50.9796424,5.4915451,2,
Pizzeria Dilan,kessel-lo,50.8836767,4.7197713,7,
'T Food Dilemma,wenduine,51.2976457,3.0830791,1,
Naroj,linden (lubbeek),50.8932578,4.7740197,1,
Pizza Sara,hamme,51.0912225,4.1360277,7,
Cesars,putte,51.0567325,4.6288207,12,
Gevara,antwerpen,51.219154,4.419343,1,
Chill's Corner,antwerpen,51.1988853,4.4283805,2,
Pizza Meet Point,duffel,51.0952496,4.5029904,6,
Pita4you,zelzate,0.0,0.0,3,
Adana Kebab,mechelen,51.0290669,4.4883672,5,
Pizza Town Houtem,sint-lievens-houtem,50.9207779,3.8538031,3,
Pizza & Pitta Home,lokeren,51.1060883,3.9879205,3,
Pizza Delicia,londerzeel,51.0014269,4.3023356,3,
Efes bij Carlos Niko,aarschot,50.988972,4.840586,8,
Eethuis Dalin,herenthals,51.1811525,4.8300739,15,
Orient Diest,diest,50.9800088,5.0445122,9,
Pita 't Krokantje,sint-niklaas,0.0,0.0,5,
Pizza Stop,ledeberg,51.0388277,3.7465613,4,
Pizza Pita Grillroom Milano,knokke-heist,51.3141839,3.3022606,5,
Pitta Yasmin,gent,51.0712026,3.7095474,8,
La Dany,antwerpen,51.2069524,4.4150948,8,
Ramses,laken,50.8777072,4.346458,1,
Miracle,etterbeek,50.8306611,4.3904781,6,
Miro's snack,evere,50.8716804,4.4002252,10,
Eethuis Hoekske,hasselt,50.925994,5.3251184,5,
Eethuis Meyman,kuringen,50.9426912,5.2861735,7,
Snack Pizza Bodrum,asse,50.90637,4.207182,4,
Pitta 03,gent,51.0386761,3.7102649,2,
Tasty Food Vesalius,leuven,50.8752133,4.7079149,4,
Pizza Zandhoven,zandhoven,51.2143253,4.65802,5,
Frituur Karin,zemst,50.96179,4.4555063,3,
Eethuis Van Gogh,berchem,51.1841675,4.4271969,3,
Beyzade,antwerpen,51.2245014,4.4167564,5,
Doy Doys,deurne,51.1968244,4.4580891,9,
Turkoase,diest,50.9863669,5.0487732,7,
Street Kap,bruxelles,50.853887,4.3537965,1,
Snack Aladdin,ixelles,50.8330455,4.3740091,1,
Istanbul Snacks,genk,50.9755102,5.4706466,7,
Ali Baba,beverlo,51.0782718,5.2187304,3,
Cleopatra,poperinge,50.8559926,2.7291697,2,
Moni,antwerpen,51.2054624,4.4728745,4,
Pizza Pasta Nr1 City,antwerpen,51.2068362,4.3928489,2,
Bolifrit,antwerpen,51.2036366,4.3893121,1,
Pizza Bulls,bornem,51.0996057,4.2404586,14,
Pizza Hanoo,wetteren,51.0021956,3.8813768,10,
Kebap Food,ganshoren,50.8739395,4.3145004,1,
Mira,heusden-zolder,0.0,0.0,3,
Snack 2500,lier,51.1313923,4.5674943,1,
Dilsu Pizza Pitta,willebroek,51.0599073,4.3605483,22,
Pizza Pitta Melissa,zele,51.0661099,4.034365,4,
Hakko,molenbeek-saint-jean,50.8580323,4.3188731,1,
Snack Melike,molenbeek-saint-jean,50.8566814,4.3277586,12,
King Of Kebab,herselt,51.0534807,4.8821208,10,
Sewar Snack-Resto,leuven,50.8822221,4.7133678,6,
La Casa Snack,sint-niklaas,51.1647761,4.1415672,5,
Pizzeria Luigi,alken,50.8893431,5.2900713,5,
Pasa Snack,geel,51.1654451,4.989585,6,
Pizzeria Evin,kessel-lo (leuven),50.9043522,4.7222932,3,
Pizza Efe Westerlo,zoerle-porwijs,51.0875698,4.8717344,7,
't Hoekske,tongeren,50.7841913,5.474018,5,
Frituur Muzzy,heusden-zolder,51.0391266,5.2998532,3,
Munis Restaurant,mechelen,51.0194736,4.4822218,6,
Millenium Kebap,aarschot,50.9835692,4.8312654,13,
Snack Mimoza,laeken,50.8880768,4.3398709,4,
Pizzeria Vosselaar,vosselaar,51.3148154,4.8895358,5,
Baskent Tessenderlo,tessenderlo,51.0673327,5.0875676,6,
Snack 4 You,woluwe-saint-pierre,50.8309809,4.4520538,16,
Pasa,heusden-zolder,51.0332193,5.2812994,3,
LivaKebab,antwerpen,51.2026936,4.3901947,3,
Sultan Kebap Geel,geel,51.1666658,4.9889729,8,
Orient KURINGEN,hasselt,50.9415088,5.3007665,12,
Musty Kebab,hechtel,51.1261817,5.358197,8,
Snack Ayouni,deurne,51.2273916,4.4547647,8,
Kebap - Pizza De Brug,hasselt,0.0,0.0,5,
Baskent Averbode,averbode,51.028309,4.9815332,7,
Best Kebab,oostende,51.232577,2.9159456,1,
Pitta Corner,blankenberge,51.3152888,3.1271573,11,
Baskent Nijlen,nijlen,51.1652144,4.6819769,10,
Osman Kebab Pizzeria,sint-truiden,50.817049,5.1770964,7,
Forty Seven,diepenbeek,50.9325605,5.4049223,6,
Pizza Trenti,aartselaar,51.1379308,4.3783788,5,
Pita Pizza Pasta Ararat,eppegem,50.9613236,4.4549823,1,
Nazar Pizza Kebap,putte,51.0555709,4.6305208,12,
Donerix,merksem,51.2489808,4.4543133,6,
Snack Mirvan,bruxelles,50.8352676,4.3084661,7,
Pizza Star,temse,51.1211835,4.1964177,10,
La Rose,antwerpen,51.2180206,4.4181578,5,
Adel Eethuis,kalmthout,51.3787817,4.4745592,5,
Il Gusto Pizzeria,antwerpen,51.2203373,4.4026728,4,
The Food Affair,knokke,51.3491317,3.2893011,1,
Snack Mutsaert,vilvoorde,50.9013694,4.3608428,1,
Pizza Royal,waregem,50.8917936,3.427323,9,
Snack Papay,etterbeek,50.8367019,4.3808233,5,
Snack Bodrum,vilvoorde,50.9285905,4.4218529,2,
Florya Kebab & Pizzeria,houthalen-helchteren,51.019872,5.4752219,8,
Apollo Pizza,asse,50.9100396,4.1993064,3,
Hever Kebab,hever,50.992436,4.555168,4,
U Tacos,sint-niklaas,51.1636273,4.1392218,3,
Steakhouse Mamma,baarle-nassau,51.4430011,4.9296567,3,
La Rosa,kessel,51.1393449,4.6095,4,
Anatolia,lummen,50.986765,5.1927006,5,
Kral Snacks,balen,51.1750392,5.1355752,7,
Kebap Anatolia,turnhout,51.3249431,4.9393244,6,
Pitza Service Beveren,beveren,51.2112126,4.252266,4,
Snack Cassaba,evere,50.8765373,4.4066588,4,
Frituur Statie,berchem,51.1992501,4.4287476,6,
Turkish Kebap,bruxelles,50.8778404,4.4096982,8,
Ali's Eethuis,ruisbroek,51.0864141,4.3285395,9,
Loons Qebap,borgloon,50.8026021,5.3490397,10,
Pizza Pitta Flora,gentbrugge,51.0193229,3.764036,9,
Pitta de Kroon,aalst,50.949387,4.04096,6,
Lara Eethuis,lebbeke,51.003218,4.1255906,5,
Pizza Ozy,sleidinge,51.1325761,3.6796668,6,
Snack Top's,ixelles,50.818046,4.3929502,9,
Pyramida - Grill,deinze,50.98005,3.5329998,1,
Pizza Metin,lubbeek,50.8964317,4.8248638,4,
Hanelly Food,saint-gilles,50.8310437,4.3444473,7,
Pitta Number 1,knokke,51.3426788,3.2880538,6,
Bella Rosa,mortsel,51.1676609,4.4521842,4,
Kebap Corner,diest,50.978933,5.0567785,10,
Cappadocia,antwerpen,51.2180687,4.419398,13,
Sofram,beverlo,51.0746271,5.2202015,6,
Merdin 3,tremelo,50.9925856,4.7061002,9,
Pita Pizza Pyramide,kalmthout,51.38298,4.47518,2,
Grillé Darna,schaerbeek,50.8701862,4.3722995,5,
Nefertete,mol,51.1869835,5.1173167,4,
Frituur De Petaat,antwerpen,51.2141448,4.4101504,2,
New City,houthalen,51.0211834,5.4712118,5,
Le Kasseria,genk,0.0,0.0,4,
Payitaht,beringen,51.0733844,5.2258014,3,
The Cousin's,jette,50.8799181,4.3292771,2,
Kebab Leuven,leuven,50.8803556,4.7055925,4,
Aly Baba,essen,51.4678223,4.4682463,5,
Kebap Nisa,brugge,51.1982186,3.2193108,8,
Ali Baba,leuven,50.8788873,4.7000875,6,
Snack Aquarium,auderghem,50.8243819,4.4004368,3,
Route 46,erpe-mere,50.925087,3.9524026,4,
Kaya,holsbeek,50.920294,4.756737,9,
Resto Borsa,berchem,51.18893,4.4331958,4,
Midyat,aarschot,51.0006958,4.8298804,6,
Lunch Factory,saint-gilles,50.8364735,4.3392771,7,
Miam's Burger,saint-gilles,50.8297152,4.3433057,3,
Snack Au Lunch,laeken,50.8888894,4.3389537,6,
Oba Grillhuis,leopoldsburg,51.1162617,5.2620302,12,
Euro Kebab-Pizza,opglabbeek,51.027906,5.5321544,3,
Snack Tip Top,uccle,50.8133607,4.3386547,1,
Eldina Snack,merksem,51.2409064,4.4391414,8,
Pinocchio,merksem,51.2508647,4.4479395,21,
La Medina Chez Houssin,bruxelles,50.8459048,4.3425521,1,
Snack Derya,molenbeek-saint-jean,50.848743,4.3189361,11,
Choco Pitta,bruxelles,50.8669031,4.3582998,14,
Pitta & Pizza Izmir Eeklo,eeklo,51.181997,3.5726984,6,
Sahin Eethuis,geel,51.18434,4.9846778,4,
Tokcel,lokeren,51.0921674,4.0255789,3,
Memo Pizza,sint-lievens-houtem,50.9196292,3.8620404,9,
Tucker Food,wervik,50.78019,3.0345345,2,
Snack Overpoort,gent,51.039307,3.725667,14,
Eat-Point,sint-truiden,50.7937035,5.2203537,6,
Anatolian Kebap,tessenderlo,51.0673158,5.0911336,6,
Frituur 't Hoekske,antwerpen,51.2110179,4.4344252,1,
Pitta Istanbul,lessines,50.7118857,3.8347091,7,
Valento Pizzeria,hemiksem,51.1402858,4.3375162,2,
Snack Frituur Hanoodi,lede,50.967342,3.9873674,16,
Pizza Mr. Food,oostkamp,51.1544825,3.2358945,6,
Grill Mix Centrum,gent,51.050273,3.730271,10,
Leo's Bakkerij & Kebab,leopoldsburg,51.117792,5.2601209,2,
Bereket Eethuis & Bakkerij,deurne,51.2075049,4.465058,4,
Ararat,sint-truiden,50.8116006,5.1899666,12,
Broodjescorner,turnhout,51.3153417,4.9499194,18,
Ali Baba Vennestraat,genk,50.9802545,5.4919544,3,
Kebab Oelegem,oelegem,51.2132023,4.5908882,9,
Pim's Burger,anderlecht,50.8405877,4.3322309,6,
Pitta Sena,gent,51.037505,3.714077,3,
Murat Pita Pizza Pasta,putte-kapellen,51.3519864,4.3974537,8,
King Kebab,brugge,51.2094748,3.22894,4,
O'Couscous,uccle,50.7951364,4.3212211,2,
Pizza La Famiglia,zemst,50.983724,4.461841,4,
Pitta Istanbul,staden,50.97435,3.014752,3,
Fast 2 Go,mechelen,51.0284808,4.4782928,9,
Anatolie's,evergem,51.1166965,3.7142608,12,
Panini & Grill,heusden-zolder,51.0404918,5.3049018,7,
Pizza kebap Pasa,herselt,51.0538633,4.883327,4,
Brasserie Shammy's,wilrijk,51.1793005,4.3779457,8,
King Potato,aartselaar,51.1341236,4.3864343,2,
Rifaga,antwerpen,51.1865467,4.3749696,8,
Sultan Kebap,antwerpen,51.218858,4.4050159,16,
Egmont Snack,mechelen,51.0224244,4.4820092,7,
Rana,bocholt,51.1736447,5.5797481,11,
Pitta Seker,aalst,50.954109,4.0630978,4,
Eethuis Florya Neerpelt,neerpelt,51.2317153,5.4469011,7,
My Kebab,zonhoven,50.9872387,5.40882,23,
Frituur De Gitschotel,berchem,51.2003641,4.4406549,4,
Ali Baba Stalenstraat,genk,50.9935263,5.5186807,3,
Marinah,anderlecht,50.8349879,4.305918,9,
De Mijn Kebab,heusden-zolder,51.0372686,5.3310157,5,
Pizza Efe Itegem,itegem,51.1032629,4.7276196,7,
Sint-Antonius,neerpelt,51.228675,5.4325213,4,
Pitta Magic,schaerbeek,50.8612862,4.3716419,2,
Q'bap Gent,gent,51.049376,3.730604,3,
Il Viadotto,antwerpen,51.2329328,4.4240106,2,
Dunya Kebab,westerlo,51.11452,4.866375,9,
Post'a Kebab,asse,50.9074031,4.2053163,4,
Snack Aydin Ham,ham,51.1045326,5.1772193,6,
Snack Pizza City,strombeek-bever,50.9095302,4.354658,4,
Ali Baba,overijse,50.77303,4.5392365,8,
Duffelse Kebab,duffel,51.0954102,4.5099468,7,
Snack Memo - Chez Feyyaz,schaerbeek,50.860157,4.371001,1,
The Vend,antwerpen,51.207916,4.392708,2,
Pizza Point,anvers,51.2197869,4.3823975,4,
A La Turka Berchem,antwerpen,51.1967036,4.4224195,6,
Euro Pizza Grill,kampenhout,50.949074,4.57991,4,
Pizza Roma Mechelen,mechelen,51.03616,4.475636,15,
The Daily,beveren,51.212832,4.2564012,13,
Adak Kebab,hamont-achel,51.250926,5.5421495,9,
Antalya Pita,dendermonde,51.0217628,4.1140786,5,
Snack Hakan,ganshoren,50.8686357,4.3122373,10,
Elif Grill Huis,mortsel,51.1706303,4.4492091,2,
Snack Bruxelles,schaerbeek,50.8686346,4.374455,14,
Snack de Hoek,deurne,51.2247607,4.4548562,6,
Pizza Dino 21,tervuren,50.8246451,4.5132418,4,
Baguette & Salad Bar,leuven,50.8779438,4.6987789,5,
Noor Pizza,kortrijk,50.8078304,3.2801325,3,
Tadim Kumpir,bruxelles,50.859793,4.3766128,2,
Populair,lanaken,50.861949,5.6249084,9,
Pitta Araz,oudenaarde,50.8698006,3.6220167,5,
Arabesque,deurne,51.2076757,4.465059,11,
Pizza Verona,schilde,51.2439049,4.5922835,5,
Ton Ton Snack,gent,51.0415591,3.72555,5,
Mc'Döner'S,uccle,50.8144757,4.3658038,7,
Pizza Deal,boechout,51.1643562,4.4998914,9,
Kapadokya döner,lommel,51.229379,5.3068659,7,
Mam's burger,laeken,50.9008109,4.3607925,1,
Shaan pizza,oostkamp,51.0971005,3.2095149,5,
Snack Des Frères,schaerbeek,50.8714998,4.3839557,6,
Snack Royal,oostende,51.2127031,2.8822633,9,
Goody's,eeklo,51.1852106,3.5627169,5,
Baskent Peer,peer,51.1299453,5.4185639,7,
Bel Kebab,beringen,51.0588082,5.2733333,7,
Pizza Sam,knokke-heist,51.3394195,3.2383649,4,
Snack Evere,evere,50.8712543,4.3996881,2,
Pizza Company,beveren,51.21308,4.257836,6,
Kadirga,heusden-zolder,51.0391626,5.3002396,3,
Snack Seven,forest,50.8219526,4.3421654,1,
Masala Express,courtrai,50.8083945,3.279237,2,
Marrakech,bruxelles,50.8703965,4.3717317,10,
Snack Twins,uccle,50.8025734,4.3411907,8,
Pala's Food,ganshoren,50.873455,4.3134475,5,
Saray Pizza & Kebab,oevel,51.1383619,4.9038049,4,
Pita Antalya,tielt,50.994568,3.3257418,2,
Snack Stuivenberg,antwerpen,51.222267,4.436264,3,
Trend Kebab & Pizzeria,maaseik,51.0940817,5.7923279,15,
Snackbar Tasty,tremelo,50.9945976,4.7097848,8,
Ghoshto Eethuis,berchem,51.196373,4.443489,3,
Snack Bockstael,laeken,0.0,0.0,5,
Snack Melita,menen,50.7962682,3.1212188,4,
Antwerp Pizza - Pasta - Kebab,antwerpen,51.2198579,4.4027308,8,
Best Grill,geraardsbergen,50.7710849,3.8828792,14,
Pizza La Vince,bornem,51.0992448,4.2342988,12,
Mezopotamya,kortrijk,50.8204079,3.2843159,12,
Cook Mazi,mechelen,51.027973,4.4791218,12,
Don Sako,landen,50.7526979,5.0808884,3,
Milo II Kebap Pizza Pasta,dessel,51.2372439,5.113052,12,
Pitta Pizza Ludwig,sleidinge,51.1325761,3.6796668,6,
Mob's Grill (Halal),groot-bijgaarden,50.8709695,4.2649549,2,
Napoli Heers,heers,50.752292,5.302248,5,
Istanbul Grill Huis,aarschot,50.9909538,4.8407489,6,
Frituur Anita,aalst,50.95023,4.0558586,2,
Huzur Pizzeria Kebab,peer,51.1311405,5.4560267,18,
Rinascente Eethuis,antwerpen,51.2202396,4.4594739,3,
Snack de la Gare,tubize,50.69229,4.2052684,1,
Heide,booischot,51.0306176,4.7567441,7,
Schaffense Kebap,schaffen-diest,50.997961,5.077685,7,
Nino Grill,ninove,50.8364771,4.0263442,8,
Snack House,grand-bigard,50.8709662,4.2639294,6,
Snack Lems,anderlecht,50.821392,4.2943516,3,
Pita Sofra,sint-niklaas,51.17049,4.1440005,6,
Loco Pizza,leuven,50.8784156,4.699806,5,
Snack-Grill Berchem,berchem,51.1976017,4.4242343,4,
Pizza Monza,wommelgem,51.2041539,4.5231233,5,
Snack neerstalle,forest,50.8078851,4.3164883,9,
Pizza Pasta Pita Mazador,antwerpen,51.21871,4.424192,6,
La Palmeraie,menin,50.7874891,3.1269461,3,
De Echte Eethuis Carlos,aarschot,51.0023083,4.8359204,9,
Pizzeria Alma,kessel-lo,50.87551,4.7301188,6,
De Pizzabakker,steenokkerzeel,50.90793,4.51349,4,
Efes,vosselaar,51.3109921,4.8870504,14,
Kaai Pizzeria,nieuwpoort,51.1336097,2.7538643,5,
Pizza Marmaris,merksem,51.2469449,4.4435028,9,
Yum Smaak,knokke-heist,51.34099,3.2888477,4,
Fansa,lommel,51.2187238,5.3134026,6,
Snack Wielemans,forest,50.8243939,4.327402,6,
La Maison du Kebab,anderlecht,50.8354388,4.2999718,4,
Snack Antalya,ruisbroek,50.7897166,4.2983155,4,
Mila Palace,merksem,51.2456912,4.4478081,7,
De Waterput,turnhout,51.33266,4.9590822,6,
Star Kebab,turnhout,51.3216802,4.9367899,16,
Milano Pizza Grill,haacht,50.9768089,4.6335843,3,
Dennis Kebap,tessenderlo,51.0698019,5.0882976,5,
Pizza Milano,bornem,51.0994106,4.2343152,4,
Foodbar Melisa,lanaken,50.8899295,5.6506281,1,
't Kebabske,houthalen-helchteren,51.0258352,5.3753281,5,
Pizza Punto,boutersem,50.8474702,4.8209022,5,
Cizbiz Donerland,deurne,51.227137,4.4502062,20,
Family,laeken,50.8766627,4.3405033,10,
Pitta Isparta,gent,51.0478339,3.7270756,1,
Pitta Roos,sint-andries,51.1987497,3.1889283,2,
Pizza Deliorman,anderlecht,50.8360373,4.3268519,1,
Snack Gold,vilvoorde,50.9302208,4.4264047,3,
Sude Snacks,peer,51.1310279,5.4576418,7,
Pizza@Home,brasschaat,51.2916329,4.4938601,2,
Snack La Cage,bruxelles,50.8719335,4.3754976,4,
Vero Napoli,kontich,51.1320362,4.4468262,12,
Snack Au Bled,schaerbeek,50.8701326,4.372873,5,
Pizzeria Kebap Selin,zoutleeuw,50.8325241,5.1042698,9,
Pitta Number 1,blankenberge,51.3125245,3.1272587,9,
DailySlice,brugge,51.2110818,3.2424745,2,
Eethuis Turnhout,turnhout,51.319332,4.949775,15,
